Symbol,Year,Month,Avg_Close,Month_High,Month_Low,Avg_Volume,Avg_Return,Avg_Volatility,Avg_RSI,Trading_Days
BAJFINANCE,2020,1,408.96,438.33,386.04,13965176.0,0.16,6.74,48.17,22
BAJFINANCE,2020,2,460.38,481.17,415.38,13263409.0,0.14,8.31,78.09,19
BAJFINANCE,2020,3,328.33,451.32,205.71,48693141.0,-2.95,28.0,22.75,21
BAJFINANCE,2020,4,218.52,251.37,187.65,93157523.0,0.4,13.26,39.33,18
BAJFINANCE,2020,5,197.03,221.28,174.66,108280305.0,-0.81,8.47,42.58,19
BAJFINANCE,2020,6,251.72,306.11,195.62,146584139.0,1.79,13.79,67.51,22
BAJFINANCE,2020,7,314.93,344.76,274.87,122704120.0,0.65,9.38,62.78,23
BAJFINANCE,2020,8,336.41,367.32,307.86,59527779.0,0.36,7.08,61.05,21
BAJFINANCE,2020,9,335.62,360.48,294.54,44791755.0,-0.24,8.28,45.67,22
BAJFINANCE,2020,10,326.03,344.71,303.8,48221930.0,0.07,6.88,48.54,21
BAJFINANCE,2020,11,420.32,485.86,320.77,66296762.0,2.02,16.89,83.4,20
BAJFINANCE,2020,12,492.45,526.27,467.74,32079759.0,0.36,9.25,67.0,22
BAJFINANCE,2021,1,487.57,522.89,459.02,34137705.0,-0.54,9.85,42.22,20
BAJFINANCE,2021,2,536.13,570.32,457.11,28255930.0,0.57,15.62,64.48,20
BAJFINANCE,2021,3,525.52,555.41,499.89,20611788.0,-0.09,9.63,44.74,21
BAJFINANCE,2021,4,479.43,541.21,427.29,34215793.0,0.37,16.43,36.73,19
BAJFINANCE,2021,5,544.64,567.64,515.94,23041377.0,0.17,12.17,68.35,20
BAJFINANCE,2021,6,586.86,612.13,551.04,20174593.0,0.32,10.3,62.62,22
BAJFINANCE,2021,7,602.49,630.88,575.74,13991182.0,0.18,6.98,54.68,21
BAJFINANCE,2021,8,642.46,745.55,594.28,13826727.0,0.92,12.96,65.62,21
BAJFINANCE,2021,9,741.85,784.82,718.27,12519537.0,0.1,13.19,77.9,21
BAJFINANCE,2021,10,756.98,789.82,717.52,12140657.0,-0.17,9.38,53.79,20
BAJFINANCE,2021,11,721.85,760.82,655.24,9208523.0,-0.26,13.28,38.45,20
BAJFINANCE,2021,12,686.67,733.6,637.02,11593500.0,0.01,15.82,43.14,23
BAJFINANCE,2022,1,731.59,789.33,658.16,16217373.0,0.04,21.04,62.99,20
BAJFINANCE,2022,2,689.52,714.97,646.82,11705656.0,0.03,12.21,41.54,20
BAJFINANCE,2022,3,666.44,730.46,580.14,15148373.0,0.2,17.82,52.47,21
BAJFINANCE,2022,4,704.32,744.78,645.59,11655384.0,-0.42,11.92,57.47,19
BAJFINANCE,2022,5,581.01,654.21,538.45,15152367.0,-0.42,18.45,27.43,21
BAJFINANCE,2022,6,553.38,605.17,512.16,12638570.0,-0.5,12.44,44.44,22
BAJFINANCE,2022,7,599.34,714.91,525.35,13967130.0,1.42,13.43,74.89,21
BAJFINANCE,2022,8,714.46,752.13,675.65,11679575.0,0.08,17.52,71.33,20
BAJFINANCE,2022,9,722.07,765.91,691.94,11530268.0,0.03,13.19,54.4,22
BAJFINANCE,2022,10,713.86,748.29,682.51,9520594.0,-0.13,11.77,44.8,19
BAJFINANCE,2022,11,682.68,713.99,650.93,8969315.0,-0.29,8.42,35.93,21
BAJFINANCE,2022,12,647.83,666.65,620.37,9017628.0,-0.09,6.37,36.84,22
BAJFINANCE,2023,1,593.32,655.82,559.32,13573025.0,-0.5,12.26,29.79,21
BAJFINANCE,2023,2,614.93,642.78,555.87,11049752.0,0.2,12.31,60.02,20
BAJFINANCE,2023,3,571.71,611.47,540.19,10067534.0,-0.39,9.62,25.08,21
BAJFINANCE,2023,4,585.37,619.98,554.61,11055208.0,0.67,8.0,63.55,17
BAJFINANCE,2023,5,659.03,691.86,606.19,9926439.0,0.5,9.59,77.93,22
BAJFINANCE,2023,6,699.62,728.58,683.89,6968871.0,0.14,8.07,67.02,21
BAJFINANCE,2023,7,744.35,791.11,708.05,12812290.0,0.11,15.97,56.48,21
BAJFINANCE,2023,8,704.3,724.95,672.55,8631055.0,-0.08,8.74,36.86,22
BAJFINANCE,2023,9,744.17,781.23,707.56,8044051.0,0.44,8.18,72.21,20
BAJFINANCE,2023,10,777.0,810.11,727.09,9471323.0,-0.19,12.01,54.9,20
BAJFINANCE,2023,11,720.04,755.52,685.43,12378444.0,-0.25,8.11,30.2,20
BAJFINANCE,2023,12,728.6,760.96,706.27,10620165.0,0.15,11.62,56.35,20
BAJFINANCE,2024,1,729.74,774.31,672.95,14299747.0,-0.29,13.79,47.59,21
BAJFINANCE,2024,2,657.04,683.33,629.56,12536635.0,-0.25,8.96,35.28,21
BAJFINANCE,2024,3,653.08,726.77,611.91,14839973.0,0.62,10.57,50.04,18
BAJFINANCE,2024,4,705.87,733.71,661.72,13054372.0,-0.2,14.61,66.11,20
BAJFINANCE,2024,5,669.75,731.79,651.19,12179717.0,-0.15,9.29,42.04,21
BAJFINANCE,2024,6,703.59,734.7,630.49,13125470.0,0.37,12.97,59.93,19
BAJFINANCE,2024,7,692.93,728.01,650.09,10728350.0,-0.19,9.18,40.75,22
BAJFINANCE,2024,8,667.08,717.08,638.56,9694640.0,0.27,9.06,46.44,21
BAJFINANCE,2024,9,743.66,777.6,714.89,15170153.0,0.33,12.34,71.85,21
BAJFINANCE,2024,10,704.25,776.67,656.05,10813620.0,-0.49,14.52,34.74,22
BAJFINANCE,2024,11,666.64,699.58,641.14,7881846.0,-0.23,9.15,39.25,19
BAJFINANCE,2024,12,687.7,721.29,645.12,10066617.0,0.18,11.08,61.79,21
BAJFINANCE,2025,1,734.25,820.01,676.43,13440940.0,0.65,14.02,60.11,23
BAJFINANCE,2025,2,835.31,868.54,773.67,13944861.0,0.41,16.36,69.84,20
BAJFINANCE,2025,3,859.83,920.33,816.09,12013961.0,0.26,13.94,58.25,19
BAJFINANCE,2025,4,890.18,960.08,825.62,13267521.0,-0.17,15.34,57.57,19
BAJFINANCE,2025,5,903.02,929.19,851.35,9438150.0,0.33,12.75,53.03,21
BAJFINANCE,2025,6,925.83,978.8,886.0,10397137.0,0.11,15.58,52.92,21
BAJFINANCE,2025,7,925.15,970.95,868.0,7383763.0,-0.25,16.69,49.8,23
BAJFINANCE,2025,8,881.85,919.65,849.0,6530799.0,-0.01,13.26,41.02,19
BAJFINANCE,2025,9,974.6,1036.0,877.85,8136996.0,0.6,18.85,75.7,22
BAJFINANCE,2025,10,1047.25,1102.5,972.0,6885995.0,0.21,15.84,64.49,21
BAJFINANCE,2025,11,1025.09,1088.0,981.3,7726656.0,0.0,18.73,42.07,19
BAJFINANCE,2025,12,1011.2,1061.0,978.4,5793246.0,-0.22,10.36,45.55,22
BAJFINANCE,2026,1,951.79,999.15,907.7,7155556.0,-0.27,11.24,30.77,21
BAJFINANCE,2026,2,995.09,1046.0,887.0,8589351.0,0.36,17.19,62.56,20
BAJFINANCE,2026,3,958.99,990.4,941.3,7549717.0,-1.15,27.67,40.89,4
HDFCBANK,2020,1,595.17,617.96,573.87,12370294.0,-0.19,6.97,43.29,22
HDFCBANK,2020,2,578.31,596.67,554.15,13296098.0,-0.21,6.13,41.43,19
HDFCBANK,2020,3,465.33,568.85,349.86,45059597.0,-1.32,24.79,19.86,21
HDFCBANK,2020,4,432.29,482.59,383.61,44193508.0,0.9,14.44,54.26,18
HDFCBANK,2020,5,424.67,454.64,391.23,40336164.0,-0.21,13.71,45.06,19
HDFCBANK,2020,6,479.96,512.71,439.49,42543944.0,0.54,13.59,63.3,22
HDFCBANK,2020,7,517.06,548.39,483.08,30676583.0,-0.12,11.81,60.0,23
HDFCBANK,2020,8,505.8,544.06,470.27,27831487.0,0.38,9.75,51.27,21
HDFCBANK,2020,9,511.58,542.71,485.43,18956263.0,-0.15,6.89,46.33,22
HDFCBANK,2020,10,566.34,592.46,516.26,24345688.0,0.46,13.58,68.04,21
HDFCBANK,2020,11,644.55,693.52,557.65,25600227.0,1.01,15.38,71.04,20
HDFCBANK,2020,12,662.64,686.23,636.98,20406312.0,0.0,10.35,50.59,22
HDFCBANK,2021,1,684.49,715.9,635.55,20320975.0,-0.15,9.53,61.38,20
HDFCBANK,2021,2,745.65,777.16,663.5,19935933.0,0.53,19.79,60.61,20
HDFCBANK,2021,3,720.76,757.74,686.82,17157484.0,-0.11,11.47,41.98,21
HDFCBANK,2021,4,676.73,712.11,640.76,24817926.0,-0.28,13.26,40.95,19
HDFCBANK,2021,5,684.43,720.07,652.27,15841276.0,0.37,12.3,54.54,20
HDFCBANK,2021,6,707.55,723.17,689.07,9921203.0,-0.03,5.47,52.86,22
HDFCBANK,2021,7,702.86,735.03,667.8,14322795.0,-0.22,9.85,47.73,21
HDFCBANK,2021,8,720.27,753.1,670.65,12829658.0,0.5,8.88,65.83,21
HDFCBANK,2021,9,748.86,777.91,727.23,12248124.0,0.05,7.77,58.34,21
HDFCBANK,2021,10,777.69,820.47,741.99,12521382.0,-0.03,9.59,62.8,20
HDFCBANK,2021,11,736.09,771.48,695.38,12992476.0,-0.28,8.78,28.16,20
HDFCBANK,2021,12,706.54,739.64,672.6,9812086.0,-0.03,8.63,39.45,23
HDFCBANK,2022,1,724.31,749.91,682.54,15640181.0,0.03,10.61,57.96,20
HDFCBANK,2022,2,711.09,732.46,669.29,12963600.0,-0.18,11.75,47.04,20
HDFCBANK,2022,3,676.88,722.4,614.52,20434516.0,0.16,17.16,47.45,21
HDFCBANK,2022,4,688.33,819.1,628.91,35603391.0,-0.27,24.35,45.08,19
HDFCBANK,2022,5,640.82,683.5,615.08,19108933.0,0.08,10.27,42.75,21
HDFCBANK,2022,6,647.1,674.0,611.85,10619056.0,-0.13,9.47,48.53,22
HDFCBANK,2022,7,663.43,692.21,639.98,13522472.0,0.3,8.4,62.33,21
HDFCBANK,2022,8,706.1,728.44,679.87,11833871.0,0.18,8.95,71.96,20
HDFCBANK,2022,9,710.31,741.46,656.79,13483597.0,-0.19,10.21,49.44,22
HDFCBANK,2022,10,692.64,720.79,665.94,12045240.0,0.28,8.99,47.43,19
HDFCBANK,2022,11,758.99,790.08,716.75,14501189.0,0.35,12.26,76.91,21
HDFCBANK,2022,12,783.05,803.26,762.87,11832720.0,0.06,6.13,54.96,22
HDFCBANK,2023,1,779.41,819.14,750.62,14571361.0,-0.06,9.96,47.85,21
HDFCBANK,2023,2,788.29,809.28,758.95,12661319.0,0.0,9.23,49.6,20
HDFCBANK,2023,3,762.09,791.98,737.17,26785766.0,0.03,8.6,37.5,21
HDFCBANK,2023,4,802.73,827.61,771.19,34908927.0,0.28,9.18,73.75,17
HDFCBANK,2023,5,797.79,834.56,777.41,35074095.0,-0.15,8.63,47.61,22
HDFCBANK,2023,6,788.85,831.65,768.48,29027248.0,0.26,6.26,47.27,21
HDFCBANK,2023,7,813.92,855.35,791.91,44225447.0,-0.14,10.37,56.61,21
HDFCBANK,2023,8,783.41,811.52,758.45,38334826.0,-0.22,6.88,31.47,22
HDFCBANK,2023,9,771.46,812.77,737.33,51381383.0,-0.14,11.73,49.94,20
HDFCBANK,2023,10,737.3,757.16,710.68,31508795.0,-0.16,6.48,37.71,20
HDFCBANK,2023,11,733.14,765.29,711.66,29124842.0,0.27,4.64,55.32,20
HDFCBANK,2023,12,804.16,837.78,755.38,37826522.0,0.47,10.07,82.56,20
HDFCBANK,2024,1,770.1,831.82,671.75,56954016.0,-0.71,17.64,39.56,21
HDFCBANK,2024,2,691.71,720.71,663.62,45048541.0,-0.19,8.19,36.62,21
HDFCBANK,2024,3,702.39,716.21,681.36,51439079.0,0.18,5.49,58.2,18
HDFCBANK,2024,4,737.14,757.96,708.42,36224929.0,0.25,10.36,62.7,20
HDFCBANK,2024,5,731.71,762.2,703.41,35301673.0,0.11,9.65,48.05,21
HDFCBANK,2024,6,796.71,847.03,717.3,48193481.0,0.52,14.1,69.77,19
HDFCBANK,2024,7,810.01,885.04,783.44,47912489.0,-0.18,11.34,46.69,22
HDFCBANK,2024,8,805.21,826.8,786.03,53936279.0,0.07,7.81,52.27,21
HDFCBANK,2024,9,834.46,882.08,800.78,29866231.0,0.27,8.36,70.69,21
HDFCBANK,2024,10,837.24,872.53,795.74,32930480.0,0.02,13.59,51.19,22
HDFCBANK,2024,11,862.83,905.81,824.9,50149292.0,0.19,12.06,55.21,19
HDFCBANK,2024,12,901.1,927.46,871.03,20931934.0,-0.06,10.29,59.57,21
HDFCBANK,2025,1,828.37,889.7,801.32,22286207.0,-0.18,10.87,30.12,23
HDFCBANK,2025,2,842.62,871.72,819.47,22105012.0,0.1,9.61,57.04,20
HDFCBANK,2025,3,858.35,909.56,823.89,21894299.0,0.29,10.54,61.08,19
HDFCBANK,2025,4,917.07,976.25,857.51,28304789.0,0.29,16.37,64.53,19
HDFCBANK,2025,5,951.65,967.77,930.82,20147750.0,0.06,6.73,55.4,21
HDFCBANK,2025,6,966.76,1007.39,941.28,19957634.0,0.19,9.17,56.38,21
HDFCBANK,2025,7,998.24,1016.32,974.08,15682680.0,0.05,7.68,59.46,23
HDFCBANK,2025,8,987.94,1014.15,950.1,15367228.0,-0.31,7.61,44.22,19
HDFCBANK,2025,9,959.96,979.65,939.1,18474739.0,0.0,7.16,40.5,22
HDFCBANK,2025,10,988.87,1020.5,946.0,21506730.0,0.18,8.29,66.54,21
HDFCBANK,2025,11,994.07,1016.8,974.0,19080567.0,0.11,6.01,50.05,19
HDFCBANK,2025,12,994.17,1017.5,973.3,16191553.0,-0.07,6.14,47.78,22
HDFCBANK,2026,1,941.03,1006.4,905.0,30879938.0,-0.3,10.15,26.21,21
HDFCBANK,2026,2,923.68,994.0,885.0,28481371.0,-0.22,9.81,46.46,20
HDFCBANK,2026,3,870.71,887.75,848.0,36001369.0,-0.87,16.9,30.09,4
INFY,2020,1,654.36,681.23,608.62,8507498.0,0.25,8.87,59.29,22
INFY,2020,2,672.31,697.38,620.43,5672987.0,-0.29,7.07,53.72,19
INFY,2020,3,552.13,664.69,437.58,14531264.0,-0.48,33.58,28.05,21
INFY,2020,4,554.1,618.67,500.22,11307701.0,0.67,15.54,57.98,18
INFY,2020,5,582.86,610.37,555.69,9505503.0,-0.09,13.17,55.07,19
INFY,2020,6,619.08,654.62,588.34,10945931.0,0.31,9.24,59.86,22
INFY,2020,7,749.24,859.16,635.59,17265229.0,1.23,24.05,74.79,23
INFY,2020,8,828.17,848.67,796.58,7385189.0,-0.18,6.83,54.1,21
INFY,2020,9,847.14,903.19,794.41,10563504.0,0.39,13.55,57.03,22
INFY,2020,10,962.23,1032.96,881.2,13571039.0,0.3,20.12,68.17,21
INFY,2020,11,977.78,1016.68,925.3,10427158.0,0.2,15.48,50.88,20
INFY,2020,12,1042.65,1108.19,972.8,9354265.0,0.61,16.47,64.72,22
INFY,2021,1,1159.36,1226.11,1083.67,10335732.0,-0.05,24.83,67.5,20
INFY,2021,2,1130.12,1172.59,1092.48,6794038.0,0.06,14.86,43.08,20
INFY,2021,3,1187.68,1237.73,1108.32,8133176.0,0.43,19.64,61.31,21
INFY,2021,4,1214.48,1300.72,1162.02,9177646.0,-0.05,20.18,48.92,19
INFY,2021,5,1191.69,1247.08,1154.36,5531794.0,0.2,12.42,47.53,20
INFY,2021,6,1310.85,1415.7,1214.6,6695368.0,0.58,19.03,85.61,22
INFY,2021,7,1401.49,1444.53,1364.76,5214929.0,0.09,13.14,61.37,21
INFY,2021,8,1508.81,1563.41,1440.8,6321358.0,0.28,15.58,77.98,21
INFY,2021,9,1515.99,1591.0,1472.65,5426568.0,-0.08,16.07,48.4,21
INFY,2021,10,1529.98,1644.39,1478.21,7222030.0,0.04,28.38,52.46,20
INFY,2021,11,1557.72,1623.9,1498.41,5226321.0,0.14,22.31,54.55,20
INFY,2021,12,1611.25,1714.44,1518.47,4759653.0,0.43,22.61,59.84,23
INFY,2022,1,1641.95,1754.03,1494.68,7080984.0,-0.4,39.01,51.54,20
INFY,2022,2,1552.18,1609.41,1494.68,6446414.0,-0.04,24.54,41.91,20
INFY,2022,3,1647.8,1726.56,1509.04,7353366.0,0.51,25.19,64.58,21
INFY,2022,4,1520.43,1714.89,1391.44,8984035.0,-1.0,41.37,27.01,19
INFY,2022,5,1347.34,1426.81,1256.11,8382819.0,-0.12,24.88,36.79,21
INFY,2022,6,1327.14,1410.72,1240.3,6324764.0,-0.11,26.56,47.47,22
INFY,2022,7,1347.21,1411.35,1279.76,5482128.0,0.29,23.35,56.1,21
INFY,2022,8,1421.87,1479.98,1315.46,4619934.0,-0.18,25.55,58.5,20
INFY,2022,9,1299.6,1408.9,1229.27,7794552.0,-0.24,29.08,33.6,22
INFY,2022,10,1341.16,1418.25,1257.4,5531916.0,0.51,21.09,63.68,19
INFY,2022,11,1446.17,1516.47,1361.93,4377879.0,0.3,23.98,66.73,21
INFY,2022,12,1425.74,1533.99,1359.6,5803628.0,-0.36,18.61,40.38,22
INFY,2023,1,1388.1,1438.79,1326.62,6766380.0,0.09,17.01,49.9,21
INFY,2023,2,1442.54,1485.52,1358.54,4967348.0,-0.14,19.1,56.68,20
INFY,2023,3,1310.88,1394.4,1251.47,6793787.0,-0.19,19.9,23.78,21
INFY,2023,4,1202.29,1316.08,1087.07,10699762.0,-0.74,34.02,35.27,17
INFY,2023,5,1172.86,1222.26,1136.37,6989040.0,0.24,13.09,54.49,22
INFY,2023,6,1200.3,1244.45,1173.2,5966804.0,0.13,10.65,56.21,21
INFY,2023,7,1271.4,1393.07,1212.94,10118514.0,0.1,34.83,64.15,21
INFY,2023,8,1300.41,1342.97,1253.32,4871061.0,0.26,11.58,57.44,22
INFY,2023,9,1373.37,1411.28,1316.11,5077053.0,0.0,14.85,69.42,20
INFY,2023,10,1334.37,1411.14,1273.92,5782978.0,-0.17,19.2,38.12,20
INFY,2023,11,1332.18,1382.01,1272.56,4259304.0,0.31,16.68,53.97,20
INFY,2023,12,1424.93,1499.79,1349.29,6503892.0,0.31,20.47,66.13,20
INFY,2024,1,1501.05,1591.11,1399.61,7896341.0,0.37,27.06,58.85,21
INFY,2024,2,1582.54,1631.59,1539.8,4841610.0,0.04,15.95,55.83,21
INFY,2024,3,1490.78,1574.12,1394.86,7550042.0,-0.61,25.76,31.96,18
INFY,2024,4,1371.31,1440.42,1298.07,9272678.0,-0.26,16.98,28.71,20
INFY,2024,5,1355.44,1393.02,1321.09,8328432.0,0.05,11.56,50.7,21
INFY,2024,6,1440.82,1525.47,1304.45,9322867.0,0.58,24.32,64.95,19
INFY,2024,7,1669.86,1827.49,1497.62,8750878.0,0.81,32.58,88.25,22
INFY,2024,8,1769.91,1873.59,1650.36,5936690.0,0.2,31.47,59.9,21
INFY,2024,9,1840.28,1897.36,1793.31,6398538.0,-0.16,20.64,55.59,21
INFY,2024,10,1821.13,1912.43,1696.3,5644601.0,-0.23,23.73,47.59,22
INFY,2024,11,1790.31,1885.6,1668.62,5603211.0,0.31,34.68,50.54,19
INFY,2024,12,1877.72,1948.78,1782.45,4985379.0,0.06,25.53,59.0,21
INFY,2025,1,1838.85,1925.81,1741.51,6482656.0,0.02,32.38,42.55,23
INFY,2025,2,1786.02,1868.7,1634.09,5089156.0,-0.53,23.62,43.44,20
INFY,2025,3,1585.38,1683.14,1500.74,8305144.0,-0.36,30.68,26.49,19
INFY,2025,4,1416.1,1510.93,1269.43,10752674.0,-0.22,34.42,35.2,19
INFY,2025,5,1514.19,1585.09,1451.15,7002311.0,0.28,22.66,67.01,21
INFY,2025,6,1572.16,1622.56,1512.45,6904315.0,0.12,16.99,60.74,21
INFY,2025,7,1557.71,1624.14,1460.15,6892739.0,-0.25,18.03,41.47,23
INFY,2025,8,1442.19,1515.79,1392.68,9044361.0,-0.13,23.81,32.25,19
INFY,2025,9,1469.4,1531.55,1406.76,8157156.0,-0.07,24.84,53.06,22
INFY,2025,10,1468.44,1522.69,1405.88,7174596.0,0.21,23.23,48.67,21
INFY,2025,11,1521.93,1585.0,1449.1,9912284.0,0.28,21.84,59.91,19
INFY,2025,12,1615.21,1693.2,1554.1,7597528.0,0.16,19.28,65.9,22
INFY,2026,1,1638.95,1694.0,1583.1,6516506.0,0.09,21.03,51.94,21
INFY,2026,2,1420.35,1728.0,1264.1,17255994.0,-1.13,46.49,21.08,20
INFY,2026,3,1302.63,1327.2,1273.0,10985437.0,0.16,16.06,26.59,4
LT,2020,1,1210.29,1253.23,1168.0,3085541.0,0.21,15.73,57.47,22
LT,2020,2,1159.26,1205.9,1057.55,3265875.0,-0.73,19.41,35.55,19
LT,2020,3,876.81,1103.38,610.01,6477934.0,-1.58,55.25,18.77,21
LT,2020,4,788.35,870.26,703.96,6057223.0,0.62,30.61,55.22,18
LT,2020,5,776.86,865.18,730.63,5636383.0,0.25,23.6,45.28,19
LT,2020,6,861.18,918.25,806.58,6431455.0,0.08,24.14,58.43,22
LT,2020,7,853.98,890.01,827.16,4483947.0,-0.14,9.36,46.06,23
LT,2020,8,899.02,954.15,833.85,5244350.0,0.22,14.63,65.06,21
LT,2020,9,845.9,903.92,784.77,4451390.0,-0.2,15.61,31.41,22
LT,2020,10,854.35,925.94,815.53,6097319.0,0.16,13.89,57.17,21
LT,2020,11,999.1,1116.91,857.05,6753149.0,1.07,30.41,75.77,20
LT,2020,12,1160.9,1270.16,1047.73,6067878.0,0.64,21.36,76.51,22
LT,2021,1,1278.72,1325.1,1217.49,4007435.0,0.19,16.21,65.86,20
LT,2021,2,1440.01,1511.67,1268.93,4496190.0,0.43,37.02,66.66,20
LT,2021,3,1376.02,1485.09,1290.61,3594522.0,-0.07,26.55,40.14,21
LT,2021,4,1299.68,1373.93,1239.32,2537095.0,-0.28,23.25,39.59,19
LT,2021,5,1333.83,1423.08,1251.8,3244728.0,0.46,20.19,62.24,20
LT,2021,6,1428.75,1502.18,1373.36,2568779.0,0.11,19.39,60.43,22
LT,2021,7,1482.2,1563.05,1400.16,2587947.0,0.37,21.02,63.3,21
LT,2021,8,1555.51,1617.02,1499.75,2171179.0,0.21,22.94,56.7,21
LT,2021,9,1639.44,1737.03,1588.47,2157427.0,0.09,20.75,67.24,21
LT,2021,10,1690.23,1809.0,1616.15,2596209.0,0.19,22.32,58.3,20
LT,2021,11,1806.37,1901.85,1665.19,2967440.0,0.01,36.73,59.97,20
LT,2021,12,1775.1,1832.04,1691.01,2061879.0,0.32,26.8,49.08,23
LT,2022,1,1881.21,1994.75,1775.51,2166236.0,0.05,34.99,63.07,20
LT,2022,2,1796.69,1927.04,1680.41,2286328.0,-0.22,35.41,39.43,20
LT,2022,3,1671.37,1753.29,1530.7,2606576.0,-0.12,31.41,45.36,21
LT,2022,4,1679.19,1783.09,1585.4,2260726.0,-0.21,30.63,47.85,19
LT,2022,5,1536.96,1617.98,1441.44,2287888.0,-0.09,33.61,37.5,21
LT,2022,6,1492.72,1606.22,1397.63,2069110.0,-0.26,29.49,41.96,22
LT,2022,7,1631.38,1781.14,1472.73,2095724.0,0.79,34.14,74.24,21
LT,2022,8,1804.81,1889.52,1723.31,1891013.0,0.32,24.04,70.87,20
LT,2022,9,1861.17,1939.09,1747.02,1883969.0,-0.17,24.41,50.5,22
LT,2022,10,1858.21,1977.63,1763.16,1817453.0,0.49,26.39,52.05,19
LT,2022,11,1966.92,2037.06,1914.98,1701135.0,0.12,19.03,64.94,21
LT,2022,12,2072.0,2149.62,1992.64,1885053.0,0.03,26.24,65.13,22
LT,2023,1,2094.02,2233.25,2000.32,2123958.0,0.1,33.42,54.51,21
LT,2023,2,2107.28,2198.6,2022.0,2253224.0,-0.03,26.17,49.13,20
LT,2023,3,2103.53,2183.29,2041.14,2192784.0,0.13,24.52,49.49,21
LT,2023,4,2194.47,2302.6,2094.6,1957677.0,0.53,38.89,62.12,17
LT,2023,5,2199.22,2348.63,2107.72,2365593.0,-0.31,35.31,46.04,22
LT,2023,6,2286.27,2413.9,2140.43,1788871.0,0.55,24.41,75.13,21
LT,2023,7,2449.95,2614.61,2352.17,1762562.0,0.39,33.06,67.89,21
LT,2023,8,2615.85,2719.85,2542.42,1508680.0,0.09,22.18,64.36,22
LT,2023,9,2833.01,3006.46,2642.69,2347743.0,0.57,38.67,72.55,20
LT,2023,10,2972.61,3062.1,2807.69,1985825.0,-0.15,40.68,56.49,20
LT,2023,11,2977.52,3071.53,2822.34,1495000.0,0.3,29.8,57.8,20
LT,2023,12,3361.2,3499.55,3068.09,1960220.0,0.64,62.13,76.64,20
LT,2024,1,3489.53,3674.48,3329.58,2222856.0,-0.05,39.79,58.22,21
LT,2024,2,3318.01,3453.39,3207.68,2816711.0,0.01,62.6,41.54,21
LT,2024,3,3552.39,3748.65,3421.94,2478001.0,0.45,61.31,63.64,18
LT,2024,4,3615.19,3794.5,3413.48,2129997.0,-0.22,62.04,50.7,20
LT,2024,5,3435.1,3681.26,3170.48,3563735.0,0.12,77.02,45.74,21
LT,2024,6,3535.23,3853.39,3121.18,4242070.0,-0.07,94.11,55.11,19
LT,2024,7,3608.7,3786.68,3428.03,2888082.0,0.34,43.25,54.64,22
LT,2024,8,3581.88,3803.48,3479.05,1958509.0,-0.13,55.13,49.62,21
LT,2024,9,3644.65,3803.33,3483.91,2267271.0,-0.03,45.56,57.07,21
LT,2024,10,3464.86,3689.59,3232.4,2541307.0,-0.05,67.37,37.64,22
LT,2024,11,3582.51,3726.25,3420.55,1647590.0,0.16,76.86,57.53,19
LT,2024,12,3727.48,3926.88,3517.2,1827746.0,-0.15,61.12,53.58,21
LT,2025,1,3505.4,3689.69,3363.63,1906556.0,-0.04,49.32,36.59,23
LT,2025,2,3258.3,3595.67,3111.98,2496713.0,-0.58,54.24,38.39,20
LT,2025,3,3271.19,3495.4,3123.92,1924974.0,0.53,57.03,54.86,19
LT,2025,4,3236.76,3469.24,2937.9,2400011.0,-0.2,77.54,49.03,19
LT,2025,5,3501.26,3661.15,3253.75,2197255.0,0.46,49.05,76.66,21
LT,2025,6,3638.24,3731.4,3485.9,1717830.0,0.04,26.77,57.08,21
LT,2025,7,3536.89,3685.3,3405.1,1748313.0,-0.03,36.05,37.15,23
LT,2025,8,3622.53,3727.9,3531.0,1443724.0,-0.05,42.46,56.63,19
LT,2025,9,3620.11,3794.9,3516.4,1687933.0,0.08,33.03,52.44,22
LT,2025,10,3840.69,4062.6,3615.0,1911774.0,0.46,37.83,70.41,21
LT,2025,11,3991.37,4140.0,3831.1,1576171.0,0.05,36.75,61.77,19
LT,2025,12,4041.2,4114.0,3949.1,1240737.0,0.02,28.76,54.16,22
LT,2026,1,3939.58,4195.0,3720.1,1925432.0,-0.17,62.46,37.62,21
LT,2026,2,4200.02,4440.0,3825.0,2155416.0,0.43,71.16,75.31,20
LT,2026,3,3984.45,4141.4,3760.0,5388279.0,-1.92,156.67,40.72,4
RELIANCE,2020,1,678.85,719.79,629.52,19232825.0,-0.29,8.96,55.25,22
RELIANCE,2020,2,644.56,674.61,592.74,19888800.0,-0.3,12.77,41.61,19
RELIANCE,2020,3,492.74,612.43,391.72,47388897.0,-0.6,32.46,26.15,21
RELIANCE,2020,4,568.9,668.77,467.57,57571464.0,1.61,26.56,69.16,18
RELIANCE,2020,5,659.26,722.48,629.07,52906324.0,0.07,14.78,63.79,19
RELIANCE,2020,6,737.11,814.77,666.53,39168014.0,0.71,17.58,70.32,22
RELIANCE,2020,7,879.49,997.0,771.34,58084413.0,0.88,24.96,71.78,23
RELIANCE,2020,8,957.1,995.73,906.98,39545593.0,0.05,13.04,53.85,21
RELIANCE,2020,9,1004.07,1074.34,926.93,37305435.0,0.34,21.0,60.3,22
RELIANCE,2020,10,980.25,1046.97,902.78,26809819.0,-0.39,16.3,37.23,21
RELIANCE,2020,11,891.77,949.94,832.09,46828332.0,-0.27,24.22,40.28,20
RELIANCE,2020,12,897.04,924.09,841.23,22926165.0,0.14,9.98,50.86,22
RELIANCE,2021,1,887.67,961.27,829.78,32508208.0,-0.35,18.77,47.31,20
RELIANCE,2021,2,911.97,975.78,837.94,26124242.0,0.64,18.4,59.53,20
RELIANCE,2021,3,950.86,1012.01,894.94,20031280.0,-0.18,19.3,50.4,21
RELIANCE,2021,4,889.31,928.13,850.95,17219988.0,-0.01,13.34,38.0,19
RELIANCE,2021,5,894.43,993.79,864.24,18718724.0,0.42,13.28,55.34,20
RELIANCE,2021,6,994.43,1035.11,946.88,22889003.0,-0.08,19.89,65.84,22
RELIANCE,2021,7,951.57,979.89,917.42,10257938.0,-0.17,10.04,38.18,21
RELIANCE,2021,8,979.78,1039.13,928.75,13432383.0,0.5,12.59,61.72,21
RELIANCE,2021,9,1103.56,1169.38,1026.05,15666497.0,0.53,20.62,75.12,21
RELIANCE,2021,10,1197.21,1251.9,1135.25,11688738.0,0.05,18.37,68.07,20
RELIANCE,2021,11,1129.08,1184.03,1050.62,16061807.0,-0.24,23.1,34.93,20
RELIANCE,2021,12,1086.78,1136.85,1022.46,12452861.0,-0.06,18.12,44.29,23
RELIANCE,2022,1,1115.59,1168.15,1048.8,13728147.0,0.05,20.19,59.38,20
RELIANCE,2022,2,1077.47,1117.69,1020.59,12555097.0,-0.04,15.75,41.62,20
RELIANCE,2022,3,1119.22,1223.07,991.93,14964173.0,0.55,27.51,59.13,21
RELIANCE,2022,4,1216.06,1299.58,1147.45,15533902.0,0.32,21.57,62.57,19
RELIANCE,2022,5,1167.81,1276.54,1078.38,19225981.0,-0.25,31.8,43.05,21
RELIANCE,2022,6,1194.32,1281.93,1112.5,15986399.0,-0.05,25.07,51.09,22
RELIANCE,2022,7,1106.05,1179.39,1076.1,20328335.0,-0.14,19.95,43.81,21
RELIANCE,2022,8,1189.7,1218.85,1140.99,11760154.0,0.27,17.18,67.02,20
RELIANCE,2022,9,1143.56,1200.45,1054.96,11706102.0,-0.46,18.14,36.7,22
RELIANCE,2022,10,1112.51,1169.07,1069.62,10777008.0,0.38,16.52,49.06,19
RELIANCE,2022,11,1188.51,1253.29,1142.15,10773853.0,0.34,15.66,66.3,21
RELIANCE,2022,12,1189.25,1257.65,1137.7,8993065.0,-0.31,15.67,44.54,22
RELIANCE,2023,1,1128.53,1189.63,1050.4,13601407.0,-0.37,14.77,36.84,21
RELIANCE,2023,2,1080.31,1124.72,1046.75,15285574.0,-0.06,13.73,42.59,20
RELIANCE,2023,3,1044.72,1106.82,995.16,16573033.0,0.03,17.69,38.87,21
RELIANCE,2023,4,1074.4,1106.98,1053.85,12343397.0,0.22,10.41,66.09,17
RELIANCE,2023,5,1125.24,1158.45,1101.55,9934956.0,0.1,11.43,64.75,22
RELIANCE,2023,6,1148.56,1179.59,1118.87,10653505.0,0.16,11.52,59.72,21
RELIANCE,2023,7,1243.36,1303.75,1166.51,19821658.0,0.39,23.96,68.26,21
RELIANCE,2023,8,1239.84,1277.4,1191.13,13567049.0,-0.24,13.1,45.99,22
RELIANCE,2023,9,1193.69,1232.38,1153.96,15851692.0,-0.13,11.61,33.9,20
RELIANCE,2023,10,1145.45,1174.8,1101.99,10283668.0,-0.12,11.62,36.24,20
RELIANCE,2023,11,1167.04,1197.11,1129.24,10285748.0,0.19,10.04,60.18,20
RELIANCE,2023,12,1240.63,1297.4,1180.07,12773132.0,0.42,13.69,74.83,20
RELIANCE,2024,1,1338.09,1449.25,1275.04,12317845.0,0.49,21.08,69.15,21
RELIANCE,2024,2,1451.72,1488.93,1407.63,11371932.0,0.12,16.24,63.22,21
RELIANCE,2024,3,1452.6,1501.34,1402.52,12526594.0,0.11,20.0,46.89,18
RELIANCE,2024,4,1457.3,1483.02,1430.91,10974860.0,-0.06,11.58,51.7,20
RELIANCE,2024,5,1423.9,1481.26,1373.83,11437852.0,-0.11,18.61,44.95,21
RELIANCE,2024,6,1459.58,1569.38,1349.31,16792090.0,0.51,25.32,55.59,19
RELIANCE,2024,7,1539.19,1596.98,1452.25,10458644.0,-0.17,25.53,57.42,22
RELIANCE,2024,8,1476.9,1533.6,1422.72,12360454.0,0.04,15.58,45.99,21
RELIANCE,2024,9,1478.18,1527.37,1440.12,14176900.0,-0.1,13.67,48.92,21
RELIANCE,2024,10,1358.19,1482.03,1315.05,18217020.0,-0.46,21.57,30.64,22
RELIANCE,2024,11,1276.86,1336.61,1212.41,14731617.0,-0.15,19.7,34.62,19
RELIANCE,2024,12,1255.95,1324.66,1196.72,13740924.0,-0.29,16.64,42.89,21
RELIANCE,2025,1,1247.99,1320.73,1206.78,12421359.0,0.18,17.89,53.08,23
RELIANCE,2025,2,1231.34,1285.37,1188.55,10333198.0,-0.26,15.02,39.69,20
RELIANCE,2025,3,1239.42,1302.5,1151.4,13802727.0,0.33,21.28,55.49,19
RELIANCE,2025,4,1264.71,1406.78,1110.42,15566098.0,0.53,32.17,52.49,19
RELIANCE,2025,5,1417.61,1455.59,1369.03,11098063.0,0.06,21.69,68.49,21
RELIANCE,2025,6,1442.77,1518.73,1390.05,10503949.0,0.26,13.17,56.67,21
RELIANCE,2025,7,1462.66,1544.83,1376.7,10728680.0,-0.33,20.62,44.74,23
RELIANCE,2025,8,1389.98,1431.9,1350.0,9955835.0,-0.1,14.54,43.06,19
RELIANCE,2025,9,1383.1,1422.0,1340.6,9705384.0,0.02,13.08,51.61,22
RELIANCE,2025,10,1421.01,1508.3,1356.9,11859988.0,0.42,17.29,57.84,21
RELIANCE,2025,11,1520.24,1581.3,1470.1,10588721.0,0.28,12.89,70.54,19
RELIANCE,2025,12,1550.45,1580.9,1517.6,8344592.0,0.01,11.37,55.68,22
RELIANCE,2026,1,1456.17,1611.8,1368.0,13288727.0,-0.55,26.17,30.93,21
RELIANCE,2026,2,1431.11,1489.5,1335.5,10825954.0,0.0,17.71,51.44,20
RELIANCE,2026,3,1374.3,1424.3,1307.0,25373308.0,0.22,27.43,35.35,4
SBIN,2020,1,297.15,313.59,282.03,34912327.0,-0.21,5.43,40.03,22
SBIN,2020,2,293.83,306.25,272.52,43802671.0,-0.23,5.74,50.89,19
SBIN,2020,3,209.55,287.89,160.14,88615645.0,-1.85,15.68,24.6,21
SBIN,2020,4,171.47,182.7,161.48,62953172.0,-0.13,4.7,44.85,18
SBIN,2020,5,150.18,169.32,137.9,65629057.0,-0.83,5.55,31.93,19
SBIN,2020,6,166.44,182.24,150.73,83430917.0,0.51,6.03,62.5,22
SBIN,2020,7,175.25,186.85,164.8,66826450.0,0.33,3.94,56.12,23
SBIN,2020,8,184.44,213.66,174.9,69321666.0,0.51,3.86,60.49,21
SBIN,2020,9,181.13,202.07,161.94,49993365.0,-0.58,5.01,41.75,22
SBIN,2020,10,180.63,191.28,171.53,44117275.0,0.12,3.79,55.56,21
SBIN,2020,11,212.54,233.45,175.36,77076733.0,1.32,7.26,71.1,20
SBIN,2020,12,246.16,258.27,225.24,44776379.0,0.56,5.72,67.49,22
SBIN,2021,1,267.08,286.87,248.67,38897384.0,0.15,6.38,64.23,20
SBIN,2021,2,356.17,394.65,260.9,76617382.0,1.71,16.64,76.12,20
SBIN,2021,3,348.23,377.3,318.52,40444698.0,-0.31,6.29,37.93,21
SBIN,2021,4,320.61,343.16,296.47,48898244.0,-0.12,7.91,39.78,19
SBIN,2021,5,353.9,400.14,315.02,64766027.0,0.93,8.45,74.93,20
SBIN,2021,6,396.52,411.56,372.96,29560697.0,-0.01,5.51,61.29,22
SBIN,2021,7,398.63,413.84,388.46,17383523.0,0.15,4.11,53.34,21
SBIN,2021,8,396.89,435.31,373.66,29492194.0,-0.05,6.93,45.54,21
SBIN,2021,9,410.3,439.45,395.87,19464930.0,0.31,6.63,64.29,21
SBIN,2021,10,452.15,490.62,413.28,22699016.0,0.53,8.05,69.75,20
SBIN,2021,11,468.23,505.01,423.06,24113582.0,-0.42,8.89,49.11,20
SBIN,2021,12,437.6,466.04,412.54,14224256.0,0.02,8.99,40.51,23
SBIN,2022,1,471.18,503.71,428.46,18962453.0,0.8,9.1,70.9,20
SBIN,2022,2,481.05,511.25,435.82,23016000.0,-0.51,9.84,49.27,20
SBIN,2022,3,446.71,468.88,395.78,22421356.0,0.12,10.65,47.2,21
SBIN,2022,4,473.91,486.11,456.35,14459696.0,0.04,5.53,61.18,19
SBIN,2022,5,436.96,462.31,408.67,17530206.0,-0.19,8.66,36.43,21
SBIN,2022,6,431.91,449.76,407.34,11748371.0,-0.01,6.4,47.53,22
SBIN,2022,7,469.7,508.35,435.57,10978487.0,0.61,7.75,77.02,21
SBIN,2022,8,497.53,516.77,480.69,14487014.0,0.04,6.81,57.66,20
SBIN,2022,9,519.61,547.13,488.16,12985725.0,0.0,9.6,62.34,22
SBIN,2022,10,518.16,554.41,490.38,11199390.0,0.43,9.17,49.58,19
SBIN,2022,11,567.57,588.93,537.2,13772030.0,0.24,7.25,66.03,21
SBIN,2022,12,573.78,595.41,539.75,10730098.0,0.09,6.94,52.68,22
SBIN,2023,1,558.21,585.62,496.72,12725455.0,-0.48,8.16,41.93,21
SBIN,2023,2,505.75,534.36,472.27,18235574.0,-0.27,9.37,34.64,20
SBIN,2023,3,501.3,537.1,474.35,16431252.0,0.02,10.64,45.39,21
SBIN,2023,4,514.1,548.97,490.9,22900399.0,0.59,7.05,66.5,17
SBIN,2023,5,549.18,564.06,532.7,19133667.0,0.11,5.47,65.4,22
SBIN,2023,6,553.43,572.66,533.94,13359962.0,-0.06,4.91,47.73,21
SBIN,2023,7,578.81,599.6,553.32,16464000.0,0.38,7.21,69.25,21
SBIN,2023,8,554.31,598.59,534.14,21023159.0,-0.45,7.64,36.68,22
SBIN,2023,9,567.97,586.59,541.95,15398607.0,0.33,5.97,62.0,20
SBIN,2023,10,554.87,583.21,523.72,12920093.0,-0.28,6.7,37.83,20
SBIN,2023,11,550.77,566.92,535.25,13332854.0,0.0,6.17,50.36,20
SBIN,2023,12,603.96,636.72,546.24,17861586.0,0.65,11.71,76.79,20
SBIN,2024,1,607.06,628.38,579.12,17231605.0,0.0,7.69,44.53,21
SBIN,2024,2,697.26,749.62,610.55,25555549.0,0.76,17.53,73.74,21
SBIN,2024,3,726.24,764.95,693.99,19952293.0,0.04,13.03,48.82,18
SBIN,2024,4,746.3,804.92,705.8,15551988.0,0.48,12.39,58.86,20
SBIN,2024,5,797.08,824.69,764.76,19295342.0,0.11,10.09,63.51,21
SBIN,2024,6,820.26,894.05,717.54,30171660.0,0.2,19.72,56.61,19
SBIN,2024,7,844.65,881.3,806.95,16015686.0,0.13,11.58,57.52,22
SBIN,2024,8,800.21,864.05,779.4,13430587.0,-0.31,12.1,37.67,21
SBIN,2024,9,779.46,809.69,750.33,16280884.0,-0.15,9.68,43.7,21
SBIN,2024,10,784.88,818.42,750.33,13867296.0,0.2,10.93,54.2,22
SBIN,2024,11,812.88,846.5,746.56,14957318.0,0.14,18.28,54.15,19
SBIN,2024,12,821.81,858.22,769.55,9970862.0,-0.25,10.68,50.13,21
SBIN,2025,1,748.32,793.57,708.28,11045190.0,-0.11,12.33,33.57,23
SBIN,2025,2,718.82,766.61,669.16,12778195.0,-0.57,9.2,36.17,20
SBIN,2025,3,726.04,770.53,666.61,8712309.0,0.61,12.61,58.71,19
SBIN,2025,4,769.89,819.05,715.63,13279143.0,0.13,13.96,61.26,19
SBIN,2025,5,784.35,814.5,740.63,13062167.0,0.24,9.49,57.26,21
SBIN,2025,6,803.14,824.5,781.7,12611269.0,0.05,7.37,54.63,21
SBIN,2025,7,812.4,842.5,792.55,9486482.0,-0.13,7.46,55.91,23
SBIN,2025,8,813.42,838.0,786.55,7856693.0,0.04,7.03,54.4,19
SBIN,2025,9,836.58,880.5,802.65,8848593.0,0.38,8.54,61.21,22
SBIN,2025,10,894.7,946.7,857.25,10064967.0,0.34,9.81,68.34,21
SBIN,2025,11,967.37,999.0,937.5,10392274.0,0.23,8.31,75.52,19
SBIN,2025,12,967.15,991.2,944.45,8316837.0,0.02,7.52,50.75,22
SBIN,2026,1,1028.46,1082.5,980.35,8938357.0,0.45,12.17,71.8,21
SBIN,2026,2,1164.48,1234.7,990.0,16526831.0,0.57,24.76,73.06,20
SBIN,2026,3,1169.23,1197.3,1138.0,18139973.0,-1.24,18.59,46.28,4
TCS,2020,1,1886.62,1945.66,1787.52,2818910.0,-0.17,19.81,55.5,22
TCS,2020,2,1850.93,1924.19,1717.11,2490822.0,-0.19,26.41,47.32,19
TCS,2020,3,1592.83,1853.22,1299.52,5506520.0,-0.31,73.73,32.11,21
TCS,2020,4,1557.98,1766.16,1434.13,4939970.0,0.62,45.38,54.14,18
TCS,2020,5,1691.04,1766.16,1621.18,3439244.0,-0.09,32.68,59.88,19
TCS,2020,6,1793.24,1858.52,1721.92,3363279.0,0.27,23.26,57.13,22
TCS,2020,7,1935.04,2060.14,1812.76,4625201.0,0.42,36.83,62.5,23
TCS,2020,8,1974.23,2033.93,1936.47,3121940.0,-0.05,15.11,49.76,21
TCS,2020,9,2097.71,2232.26,1958.18,5291174.0,0.47,39.14,68.5,22
TCS,2020,10,2378.06,2520.57,2177.48,6124633.0,0.36,56.94,61.46,21
TCS,2020,11,2346.38,2407.61,2281.3,3256794.0,0.04,26.92,47.99,20
TCS,2020,12,2474.38,2590.11,2302.71,2856007.0,0.31,28.09,64.94,22
TCS,2021,1,2788.25,2935.94,2526.06,4234270.0,0.44,51.57,72.76,20
TCS,2021,2,2730.31,2853.31,2531.74,3273242.0,-0.35,43.43,38.97,20
TCS,2021,3,2698.83,2817.44,2550.91,3420923.0,0.45,37.0,52.93,21
TCS,2021,4,2793.93,2948.73,2654.81,3227819.0,-0.23,48.61,54.1,19
TCS,2021,5,2730.8,2842.49,2640.75,2176946.0,0.23,31.68,47.22,20
TCS,2021,6,2878.35,3003.17,2751.72,2049056.0,0.27,28.8,71.33,22
TCS,2021,7,2853.0,2980.51,2773.13,2111900.0,-0.25,22.22,36.17,21
TCS,2021,8,3082.69,3367.79,2803.76,2698955.0,0.86,50.59,82.18,21
TCS,2021,9,3394.38,3525.06,3281.82,2407886.0,-0.01,43.23,64.5,21
TCS,2021,10,3225.26,3532.28,3003.35,3562595.0,-0.5,61.71,34.87,20
TCS,2021,11,3098.56,3171.53,3021.53,2163394.0,0.19,28.38,44.3,20
TCS,2021,12,3220.83,3335.13,3113.52,1944542.0,0.26,37.33,61.14,23
TCS,2022,1,3414.98,3586.16,3221.13,3316602.0,0.02,58.06,65.45,20
TCS,2022,2,3302.5,3449.84,3013.2,3348380.0,-0.23,61.4,41.68,20
TCS,2022,3,3236.9,3358.32,3049.15,2407593.0,0.25,39.57,52.37,21
TCS,2022,4,3231.71,3408.17,3055.9,2278701.0,-0.27,47.54,45.08,19
TCS,2022,5,3005.68,3152.57,2821.45,2434490.0,-0.2,46.41,34.04,21
TCS,2022,6,2944.29,3110.61,2704.98,2304060.0,-0.12,63.36,45.49,22
TCS,2022,7,2836.79,2981.53,2648.57,2849886.0,0.08,54.86,45.03,21
TCS,2022,8,2979.63,3075.23,2763.38,1717139.0,-0.13,43.32,64.93,20
TCS,2022,9,2767.14,2932.71,2624.44,2451673.0,-0.29,42.07,31.88,22
TCS,2022,10,2800.55,2876.64,2667.41,1924174.0,0.34,26.19,59.3,19
TCS,2022,11,2974.86,3083.46,2847.1,1690674.0,0.29,36.22,70.62,21
TCS,2022,12,2974.68,3129.32,2844.85,1471354.0,-0.18,34.97,45.32,22
TCS,2023,1,3049.91,3180.63,2877.54,1901042.0,0.26,35.54,62.89,21
TCS,2023,2,3184.05,3287.82,3034.82,1567150.0,-0.06,37.08,57.46,20
TCS,2023,3,2966.94,3131.43,2846.42,1904534.0,-0.15,38.3,27.38,21
TCS,2023,4,2929.41,3010.03,2823.62,2577897.0,0.03,39.63,51.85,17
TCS,2023,5,3002.3,3101.13,2918.25,1664364.0,0.1,27.25,61.21,22
TCS,2023,6,2992.16,3071.7,2924.06,1826761.0,0.06,23.56,47.41,21
TCS,2023,7,3129.38,3289.02,3011.25,2269434.0,0.19,51.83,63.38,21
TCS,2023,8,3175.46,3241.88,3105.98,1632753.0,-0.08,23.55,47.48,22
TCS,2023,9,3277.24,3375.46,3118.19,1922147.0,0.25,31.21,68.29,20
TCS,2023,10,3252.47,3417.49,3101.3,1990905.0,-0.21,42.93,41.85,20
TCS,2023,11,3193.87,3300.61,3083.61,1810392.0,0.18,33.77,51.1,20
TCS,2023,12,3450.79,3659.17,3250.36,2278610.0,0.43,50.72,71.09,20
TCS,2024,1,3547.93,3717.06,3400.26,2272860.0,0.07,50.55,54.28,21
TCS,2024,2,3816.77,3924.5,3568.42,2067182.0,0.35,56.56,64.45,21
TCS,2024,3,3794.47,3990.15,3591.25,3191653.0,-0.29,64.11,47.68,18
TCS,2024,4,3660.86,3811.45,3564.52,2505099.0,-0.07,38.84,40.49,20
TCS,2024,5,3639.62,3739.99,3451.43,2304661.0,-0.15,38.62,48.49,21
TCS,2024,6,3614.71,3740.72,3392.63,2582541.0,0.33,45.92,51.36,19
TCS,2024,7,3940.96,4195.36,3668.93,3172398.0,0.55,67.81,72.32,22
TCS,2024,8,4139.59,4348.04,3891.91,2109493.0,0.19,69.56,58.76,21
TCS,2024,9,4172.9,4344.01,4002.69,2225427.0,-0.3,43.42,43.01,21
TCS,2024,10,3920.45,4069.44,3758.56,2322457.0,-0.32,33.44,27.02,22
TCS,2024,11,3943.5,4154.72,3714.19,2173333.0,0.4,80.78,56.09,19
TCS,2024,12,4092.26,4266.25,3826.94,2111930.0,-0.19,59.01,52.27,21
TCS,2025,1,3955.17,4103.04,3807.49,2289557.0,0.11,55.93,44.3,23
TCS,2025,2,3758.89,4011.37,3341.52,2456166.0,-0.82,54.2,27.67,20
TCS,2025,3,3448.24,3586.07,3347.08,2475234.0,0.19,54.74,35.82,19
TCS,2025,4,3252.42,3464.28,2953.96,3421638.0,-0.21,70.19,36.32,19
TCS,2025,5,3384.68,3509.22,3284.59,2099272.0,0.03,34.34,62.98,21
TCS,2025,6,3346.46,3450.21,3275.36,2491724.0,0.04,34.59,46.03,21
TCS,2025,7,3169.98,3403.3,2950.17,3030001.0,-0.55,39.36,25.6,23
TCS,2025,8,2994.74,3094.0,2927.27,2829355.0,0.09,29.25,40.52,19
TCS,2025,9,3001.78,3134.12,2823.06,2608671.0,-0.29,45.82,50.1,22
TCS,2025,10,2951.95,3042.69,2804.96,3270487.0,0.3,41.04,48.53,21
TCS,2025,11,3037.17,3123.22,2907.64,2801426.0,0.14,30.59,60.53,19
TCS,2025,12,3174.88,3269.17,3064.69,2494749.0,0.1,31.43,64.67,22
TCS,2026,1,3164.27,3241.67,3082.0,2773318.0,-0.03,32.93,47.45,21
TCS,2026,2,2812.97,3350.0,2561.3,4870752.0,-0.82,76.7,28.21,20
TCS,2026,3,2584.43,2635.0,2546.4,3445025.0,-0.77,34.16,24.24,4
WIPRO,2020,1,114.46,118.6,108.31,7474008.0,-0.18,1.13,62.53,22
WIPRO,2020,2,111.18,114.56,101.26,5941899.0,-0.34,1.31,44.95,19
WIPRO,2020,3,89.62,107.81,73.47,11554558.0,-0.47,4.7,23.62,21
WIPRO,2020,4,85.3,93.54,80.11,14781199.0,-0.12,2.25,50.64,18
WIPRO,2020,5,87.15,99.05,82.04,15990004.0,0.6,1.77,55.79,19
WIPRO,2020,6,100.23,106.01,95.09,17727447.0,0.16,2.43,65.09,22
WIPRO,2020,7,115.28,134.03,100.64,40018542.0,1.14,3.34,72.49,23
WIPRO,2020,8,127.45,132.47,123.52,18586305.0,-0.16,1.31,53.68,21
WIPRO,2020,9,137.76,149.57,123.99,39612226.0,0.68,2.61,69.37,22
WIPRO,2020,10,158.88,175.93,143.83,55993002.0,0.44,5.34,60.71,21
WIPRO,2020,11,159.71,166.57,153.32,14872386.0,0.15,1.79,53.37,20
WIPRO,2020,12,168.22,179.99,159.59,21913960.0,0.46,2.85,60.34,22
WIPRO,2021,1,198.8,215.45,177.47,46763083.0,0.44,5.69,77.56,20
WIPRO,2021,2,198.42,208.69,188.48,22539345.0,-0.08,3.12,45.37,20
WIPRO,2021,3,193.59,205.24,183.74,24808945.0,0.06,3.5,44.09,21
WIPRO,2021,4,211.36,236.43,190.6,45041942.0,0.95,6.05,64.07,19
WIPRO,2021,5,236.9,251.76,220.72,20150796.0,0.46,4.52,66.42,20
WIPRO,2021,6,253.48,260.54,246.22,11788691.0,0.06,2.73,66.89,22
WIPRO,2021,7,259.1,278.0,241.41,19837999.0,0.37,5.0,55.89,21
WIPRO,2021,8,284.66,296.94,268.97,12028820.0,0.42,2.92,70.33,21
WIPRO,2021,9,305.82,322.97,289.8,12143925.0,-0.04,4.59,61.57,21
WIPRO,2021,10,308.8,341.77,291.12,19881004.0,0.11,7.21,52.41,20
WIPRO,2021,11,299.57,308.93,278.99,9686065.0,-0.07,3.57,36.59,20
WIPRO,2021,12,307.7,332.56,287.79,16290386.0,0.52,4.87,59.0,23
WIPRO,2022,1,297.3,335.74,248.56,22587104.0,-1.08,8.94,37.13,20
WIPRO,2022,2,261.02,272.99,245.76,15904868.0,-0.12,5.15,39.0,20
WIPRO,2022,3,273.99,285.02,254.67,15810597.0,0.31,3.97,63.72,21
WIPRO,2022,4,258.69,284.36,236.54,12815592.0,-0.74,4.93,29.44,19
WIPRO,2022,5,220.84,242.14,206.78,16875099.0,-0.27,5.35,27.26,21
WIPRO,2022,6,205.82,227.68,187.58,14948849.0,-0.61,4.74,38.16,22
WIPRO,2022,7,192.13,198.15,182.42,15129200.0,0.1,2.51,43.2,21
WIPRO,2022,8,199.63,207.57,186.15,12690455.0,-0.11,3.27,58.69,20
WIPRO,2022,9,189.2,198.75,179.44,13930999.0,-0.21,2.56,37.68,22
WIPRO,2022,10,182.12,194.97,173.74,16409973.0,-0.08,3.46,40.3,19
WIPRO,2022,11,184.49,191.03,179.39,10955984.0,0.25,2.08,61.63,21
WIPRO,2022,12,184.61,194.25,175.56,9984434.0,-0.16,2.4,44.63,22
WIPRO,2023,1,185.28,191.85,177.94,9832513.0,0.09,1.95,58.3,21
WIPRO,2023,2,188.13,193.28,180.28,6776807.0,-0.15,1.94,51.07,20
WIPRO,2023,3,175.72,185.51,166.03,6722583.0,-0.27,2.13,24.75,21
WIPRO,2023,4,173.24,181.47,164.63,8763682.0,0.32,2.32,51.17,17
WIPRO,2023,5,182.18,189.89,177.26,7465384.0,0.22,1.97,65.4,22
WIPRO,2023,6,183.04,191.66,176.37,11990047.0,-0.17,1.8,42.76,21
WIPRO,2023,7,187.76,198.75,181.4,12685536.0,0.2,3.02,63.62,21
WIPRO,2023,8,192.6,197.44,185.7,8170750.0,0.04,1.74,54.08,22
WIPRO,2023,9,199.36,207.54,187.78,12235684.0,-0.02,3.29,58.23,20
WIPRO,2023,10,186.92,198.28,175.41,8613838.0,-0.3,3.02,31.73,20
WIPRO,2023,11,183.34,193.86,176.32,8343687.0,0.4,1.75,50.63,20
WIPRO,2023,12,203.84,223.28,188.06,20526815.0,0.68,4.59,73.19,20
WIPRO,2024,1,219.51,247.41,208.92,22163756.0,0.1,4.62,59.54,21
WIPRO,2024,2,240.09,255.86,220.57,17113950.0,0.4,4.48,66.1,21
WIPRO,2024,3,236.03,246.72,220.88,12332261.0,-0.42,3.46,36.18,18
WIPRO,2024,4,219.48,230.58,204.82,13809916.0,-0.18,3.45,33.45,20
WIPRO,2024,5,213.96,220.52,203.93,11883898.0,-0.25,2.14,46.66,21
WIPRO,2024,6,225.58,241.99,195.45,23367319.0,0.87,4.6,62.47,19
WIPRO,2024,7,250.08,271.8,227.95,21712843.0,0.1,7.49,66.92,22
WIPRO,2024,8,239.18,254.04,225.09,13888601.0,0.16,5.05,48.38,21
WIPRO,2024,9,250.4,261.96,240.56,14721788.0,0.04,4.21,56.98,21
WIPRO,2024,10,253.83,271.26,243.86,17585033.0,0.1,3.42,52.01,22
WIPRO,2024,11,265.43,279.35,250.38,13023206.0,0.26,4.54,59.54,19
WIPRO,2024,12,285.5,299.97,271.0,11135901.0,0.21,3.45,67.53,21
WIPRO,2025,1,282.83,304.28,262.94,14450865.0,0.26,5.64,45.2,23
WIPRO,2025,2,294.28,309.37,264.82,10846649.0,-0.56,5.04,50.76,20
WIPRO,2025,3,260.17,279.16,244.98,11455443.0,-0.28,5.95,29.83,19
WIPRO,2025,4,233.83,253.87,217.97,17502470.0,-0.41,5.47,35.47,19
WIPRO,2025,5,237.56,246.6,225.63,9754957.0,0.17,3.0,57.26,21
WIPRO,2025,6,247.6,259.37,234.92,8832330.0,0.31,2.63,67.1,21
WIPRO,2025,7,250.3,259.94,239.86,9457456.0,-0.21,3.1,47.45,23
WIPRO,2025,8,239.88,250.81,232.4,8526985.0,0.03,2.99,43.73,19
WIPRO,2025,9,242.22,253.26,229.1,8211653.0,-0.18,3.67,52.11,22
WIPRO,2025,10,237.98,247.68,231.85,10159266.0,0.03,2.93,45.73,21
WIPRO,2025,11,237.83,245.65,230.06,8065583.0,0.2,2.17,51.99,19
WIPRO,2025,12,254.72,266.23,242.6,7406597.0,0.25,3.08,70.81,22
WIPRO,2026,1,248.5,265.64,231.62,11626675.0,-0.35,4.92,42.23,21
WIPRO,2026,2,218.95,259.89,199.12,18525902.0,-0.81,5.21,26.16,20
WIPRO,2026,3,196.3,200.36,193.22,13055284.0,-0.7,3.15,12.36,4
